Workbook

Sheet Instrucoes
A1: Plano de Execução - Suíte de Testes LogiTrack Pro
A3: Organização da planilha
A4: Instrucoes ......... este guia: premissas, ambiente e convenções.
A5: Testadores ........ quem participa da rodada, módulos atribuídos e ambiente de cada um.
A6: Casos de Teste .... a suíte, agrupada por faixas de módulo.
A7: Resumo da Execução indicadores e gráficos alimentados automaticamente pela suíte.
A9: Como preencher durante a execução
A10: Na aba 'Casos de Teste', preencha SOMENTE as colunas destacadas em amarelo:
A12: J — Resultado Obtido ..... o comportamento real observado, de forma objetiva.
A13: K — Status ............... lista suspensa: Aprovado / Reprovado / Bloqueado / Não Executado.
A14: L — Testador ............. lista suspensa alimentada pela aba Testadores.
A15: M — Data de Execução ..... data em que o caso foi executado.
... A43: Período ......... [preencher]

Sheet Testadores
A1: Equipe da Rodada de Testes - LogiTrack Pro
A4: Testador | B4: Perfil | C4: Módulos atribuídos | D4: Navegador / Dispositivo | E4: Status da rodada | F4: Contato
A5: Daniel Rocha | B5: QA | C5: Acesso, Dashboard, Manutenção | D5: Chrome / Desktop | E5: Concluído | F5: daniel@logitrack.com
A6: Gabriel Passos | B6: QA | C6: Veiculos, Viagens | D6: Brave / Desktop | E6: Concluído | F6: gabriel@logitrack.com

Sheet Casos de Teste
A1: ACESSO
A2: ID | B2: Título do Cenário | C2: Prioridade | D2: Módulo | E2: Objetivo | F2: Pré-condições | G2: Dados Utilizados | H2: Passos para Execução | I2: Resultado Esperado | J2: Resultado Obtido | K2: Status | L2: Testador | M2: Data de Execução | N2: Evidência
A3: CT-001 | B3: Login com credenciais válidas | C3: Alta | D3: Acesso | E3: Verificar se o usuário cadastrado consegue autenticar e acessar o sistema. | F3: Usuário logap@teste.com existente e ativo. Navegador sem sessão ativa. | G3: E-mail: logap@teste.com | Senha: teste@123 | H3: 1. Acessar a URL da aplicação 2. Informar o e-mail no campo Email 3. Informar a senha no campo Senha 4. Clicar em Entrar | I3: O sistema autentica o usuário e redireciona para o Dashboard, exibindo o nome e o e-mail da conta no canto superior direito. | J3: O usuário conseguiu entrar com êxito no sistema, inicialmente na tela de Dashboard. | K3: Aprovado | L3: Daniel Rocha | M3: 46292
A4: CT-002 | B4: [Negativo] Login com senha incorreta | C4: Alta | D4: Acesso | E4: Verificar se o sistema bloqueia o acesso com credencial inválida e informa o erro sem expor qual campo falhou. | F4: Usuário logap@teste.com existente. Navegador sem sessão ativa. | G4: E-mail: logap@teste.com | Senha: senhaErrada123 | H4: 1. Acessar a URL da aplicação 2. Informar o e-mail válido 3. Informar uma senha incorreta 4. Clicar em Entrar | I4: O acesso é negado, o sistema permanece na tela de login e exibe mensagem genérica de credenciais inválidas, sem indicar se o erro foi no e-mail ou na senha. | J4: Entrando com login correto, qualquer senha libera o usuário. Um erro grave para o sistema | K4: Reprovado | L4: Daniel Rocha | M4: 46292
A5: CT-003 | B5: [Segurança] Acesso a rota interna sem sessão ativa | C5: Alta | D5: Acesso | E5: Verificar se o sistema protege as rotas internas contra acesso direto por URL sem autenticação. | F5: Ter a URL de uma tela interna (ex.: /veiculos). Premissa: todo dado operacional da frota exige autenticação. | G5: URL: /veiculos | Navegador sem sessão (janela anônima) | H5: 1. Autenticar no sistema e copiar a URL da tela de Veículos 2. Encerrar a sessão ou abrir uma janela anônima 3. Colar a URL da tela de Veículos na barra de endereço 4. Pressionar Enter | I5: O sistema bloqueia o acesso e redireciona para a tela de login, sem renderizar qualquer dado da frota. | J5: O sistema não deixa nagevar pelas URL em nenhum módulo sem logar. | K5: Aprovado | L5: Daniel Rocha | M5: 46292
A6: VEÍCULOS
A7: ID | B7: Título do Cenário | C7: Prioridade | D7: Módulo | E7: Objetivo | F7: Pré-condições | G7: Dados Utilizados | H7: Passos para Execução | I7: Resultado Esperado | J7: Resultado Obtido | K7: Status | L7: Testador | M7: Data de Execução | N7: Evidência
A8: CT-004 | B8: Cadastro de veículo com dados válidos | C8: Alta | D8: Veículos | E8: Verificar se um veículo com todos os dados válidos é cadastrado e passa a constar na listagem. | F8: Usuário autenticado na tela de Veículos. | G8: Placa: ABC1D23 | Modelo: Volvo FH 540 | Tipo: Pesado | Ano: 2024 | H8: 1. Clicar em Adicionar Veículo 2. Preencher a placa em formato válido 3. Preencher o modelo 4. Selecionar o tipo Pesado 5. Informar o ano 2024 6. Clicar em Criar | I8: O veículo é cadastrado, o modal é fechado, uma confirmação é exibida e o registro aparece na listagem com todos os dados informados. | J8: Todas as validações foram executada com êxito | K8: Aprovado | L8: Gabriel Passos | M8: 46292
A9: CT-005 | B9: [Validação] Cadastro de veículo com ano negativo | C9: Alta | D9: Veículos | E9: Verificar se o campo Ano rejeita valores negativos, que são logicamente impossíveis para ano de fabricação. | F9: Usuário autenticado na tela de Veículos. Premissa: ano de fabricação deve ser um valor positivo e plausível. | G9: Placa: TST1A11 | Modelo: Teste Ano | Tipo: Leve | Ano: -2000 | H9: 1. Clicar em Adicionar Veículo 2. Preencher placa e modelo com dados válidos 3. Informar -2000 no campo Ano 4. Clicar em Criar | I9: O sistema rejeita o cadastro e exibe mensagem indicando que o ano informado é inválido. O registro não é criado. | J9: O sistema aprova o cadastro com ano em negativo | K9: Reprovado | L9: Gabriel Passos | M9: 46292
A10: CT-006 | B10: [Validação] Cadastro de veículo com ano fora do intervalo plausível | C10: Média | D10: Veículos | E10: Verificar se o campo Ano possui limites mínimo e máximo coerentes com o domínio de frotas. | F10: Usuário autenticado na tela de Veículos. Premissa: ano deve estar entre 1900 e o ano corrente + 1. | G10: Cenário A — Ano: 0 (valor padrão do campo) | Cenário B — Ano: 3000 | H10: 1. Clicar em Adicionar Veículo 2. Preencher placa e modelo com dados válidos 3. Submeter o formulário mantendo o Ano com o valor padrão 0 4. Repetir o fluxo informando o Ano 3000 | I10: Ambos os cadastros são rejeitados com mensagem de ano fora do intervalo permitido. O campo não deveria iniciar com o valor padrão 0, por ser um ano inválido. | J10: O sistema aprova o cadastro com ano zero (0) e ano 3000. | K10: Reprovado | L10: Gabriel Passos | M10: 46292
A11: CT-007 | B11: [Validação] Cadastro de veículo com placa em formato inválido | C11: Alta | D11: Veículos | E11: Verificar se o campo Placa valida os formatos brasileiro antigo e Mercosul, conforme indicado pelo próprio placeholder. | F11: Usuário autenticado na tela de Veículos. Premissa: o placeholder 'ABC-1234 ou ABC1D23' define os dois formatos aceitos. | G11: Valores testados: AB-123 | 12345678 | ABCD1234 | placa vazia | abc1d23 (minúsculo) | H11: 1. Clicar em Adicionar Veículo 2. Informar a placa AB-123 3. Preencher os demais campos com dados válidos 4. Clicar em Criar 5. Repetir o fluxo para cada valor da lista de dados | I11: Todos os formatos inválidos são rejeitados com mensagem clara sobre o padrão esperado. O valor em minúsculo deve ser normalizado para maiúsculo ou rejeitado de forma explícita. | J11: O sistema não deixa criar um veículo com esses formatos. Ao colocar minusculo, o sistema automaticamente transforma em UpperCase. | K11: Aprovado | L11: Gabriel Passos | M11: 46292
A12: CT-008 | B12: [Negativo] Cadastro de veículo com placa duplicada | C12: Alta | D12: Veículos | E12: Verificar se o sistema impede o cadastro de dois veículos com a mesma placa. | F12: Existir na base o veículo de placa JVC-1234. Premissa: a placa é identificador único de um veículo. | G12: Placa: JVC-1234 | Modelo: Duplicata Teste | Tipo: Leve | Ano: 2024 | H12: 1. Clicar em Adicionar Veículo 2. Informar a placa de um veículo já existente 3. Preencher os demais campos 4. Clicar em Criar | I12: O sistema rejeita o cadastro e informa que já existe um veículo registrado com essa placa. | J12: O sistema rejeita o cadastro e surge um alerta com: ''Veiculo with placa 'JVC-1234' already exists'' | K12: Aprovado | L12: Gabriel Passos | M12: 46292
A13: CT-009 | B13: [Validação] Cadastro de veículo com campos obrigatórios vazios | C13: Alta | D13: Veículos | E13: Verificar se o sistema identifica os campos obrigatórios e impede a submissão incompleta. | F13: Usuário autenticado na tela de Veículos. Premissa: placa e modelo são obrigatórios. | G13: Todos os campos em branco | Placa preenchida e Modelo vazio | Modelo preenchido e Placa vazia | H13: 1. Clicar em Adicionar Veículo 2. Clicar em Criar sem preencher nenhum campo 3. Repetir preenchendo apenas a placa 4. Repetir preenchendo apenas o modelo | I13: A submissão é bloqueada e cada campo obrigatório não preenchido recebe indicação visual de erro com mensagem específica. Os campos obrigatórios devem estar sinalizados no formulário antes da tentativa de envio. | J13: O sistema não deixa criar um veículo sem placa e sem o modelo, mas deixa criar sem o ano. | K13: Reprovado | L13: Gabriel Passos | M13: 46292
A14: CT-010 | B14: Edição de veículo existente | C14: Média | D14: Veículos | E14: Verificar se a alteração de um veículo é persistida e refletida na listagem. | F14: Existir ao menos um veículo cadastrado. | G14: Veículo: AAA-1111 | Alteração — Modelo: Volkswagen Gol 1.6 | Ano: 2022 | H14: 1. Localizar o veículo na listagem 2. Clicar no ícone de edição 3. Alterar o modelo e o ano 4. Salvar 5. Recarregar a página | I14: As alterações são salvas, exibidas na listagem e permanecem após o recarregamento. O formulário de edição deve aplicar as mesmas validações do cadastro. | J14: Alteração de todos os campos foram bem sucedidas. | K14: Aprovado | L14: Gabriel Passos | M14: 46292
A15: CT-011 | B15: Exclusão de veículo com viagens e manutenções vinculadas | C15: Alta | D15: Veículos | E15: Verificar o tratamento de integridade referencial ao excluir um veículo que possui registros dependentes. | F15: Existir o veículo JVC-1234 com viagens e manutenções vinculadas. Premissa: o histórico operacional não pode ser perdido silenciosamente. | G15: Veículo: JVC-1234 (possui viagem Natal - Fortaleza e manutenção Troca de bateria) | H15: 1. Localizar o veículo JVC-1234 na listagem 2. Clicar no ícone de exclusão 3. Confirmar a ação 4. Acessar as telas de Viagens e Manutenção e buscar pelos registros do veículo excluído | I15: O sistema solicita confirmação explícita informando os vínculos existentes e, ao confirmar, mantém a consistência dos dados — bloqueando a exclusão ou tratando os registros dependentes de forma documentada, sem deixar registros órfãos. | J15: O sistema não deixa rastros, não aparecendo o histórico do carro apagado no módulo veículos | K15: Reprovado | L15: Gabriel Passos | M15: 46292
A16: CT-012 | B16: Busca na listagem de veículos por placa e por modelo | C16: Média | D16: Veículos | E16: Verificar se o campo de busca filtra corretamente por ambos os critérios anunciados. | F16: Base com 249 veículos cadastrados. | G16: Termos: JVC-1234 | jvc | Volvo | XXXXXXX (inexistente) | H16: 1. Informar a placa completa no campo de busca 2. Limpar e informar parte da placa em minúsculo 3. Limpar e informar parte do modelo 4. Limpar e informar um termo inexistente | I16: A listagem é filtrada corretamente em cada caso, a busca é indiferente a maiúsculas e minúsculas, e o termo inexistente exibe mensagem de nenhum resultado encontrado em vez de tabela vazia sem explicação. | J16: O sistema consegue filtrar tanto por placa quanto por modelo do carro, independente de maiúsculo ou minúsculo | K16: Aprovado | L16: Gabriel Passos | M16: 46292
A17: VIAGENS
A18: ID | B18: Título do Cenário | C18: Prioridade | D18: Módulo | E18: Objetivo | F18: Pré-condições | G18: Dados Utilizados | H18: Passos para Execução | I18: Resultado Esperado | J18: Resultado Obtido | K18: Status | L18: Testador | M18: Data de Execução | N18: Evidência
A19: CT-013 | B19: Cadastro de viagem com dados válidos | C19: Alta | D19: Viagens | E19: Verificar se uma viagem com dados consistentes é registrada e exibida na listagem. | F19: Existir ao menos um veículo cadastrado e disponível. | G19: Veículo: VCJ2S35 | Origem: Natal | Destino: Recife | Saída: 01/10/2026 | Chegada: 02/10/2026 | KM: 297.5 | H19: 1. Clicar em Nova Viagem 2. Selecionar o veículo 3. Preencher origem e destino 4. Informar as datas de saída e chegada 5. Informar a quilometragem 6. Clicar em Adicionar | I19: A viagem é cadastrada e aparece na listagem com todos os dados informados. A quilometragem é exibida no padrão numérico brasileiro. | J19: A viagem é cadastrado com sucesso | K19: Aprovado | L19: Gabriel Passos | M19: 46292
A20: CT-014 | B20: [Validação] Cadastro de viagem com quilometragem negativa | C20: Alta | D20: Viagens | E20: Verificar se o campo Quilometragem Percorrida rejeita valores negativos, que são fisicamente impossíveis e corrompem os indicadores do Dashboard. | F20: Usuário autenticado na tela de Viagens. Premissa: distância percorrida é sempre maior que zero. | G20: Veículo: JVC-1234 | Origem: Natal | Destino: Fortaleza | KM: -525 | H20: 1. Clicar em Nova Viagem 2. Selecionar um veículo e preencher origem, destino e datas com dados válidos 3. Informar -525 no campo Quilometragem Percorrida 4. Clicar em Adicionar 5. Acessar o Dashboard e filtrar pelo veículo utilizado | I20: O sistema rejeita o cadastro e exibe mensagem indicando que a quilometragem deve ser maior que zero. O indicador Total de KM Percorrido do Dashboard nunca deve apresentar valor negativo. | J20: O sistema autoriza o cadastro, mesmo com KM negativo | K20: Reprovado | L20: Gabriel Passos | M20: 46292
A21: CT-015 | B21: [Validação] Data de chegada anterior à data de saída | C21: Alta | D21: Viagens | E21: Verificar se o sistema impede o registro de uma viagem com cronologia inválida. | F21: Usuário autenticado na tela de Viagens. Premissa: a chegada não pode ocorrer antes da saída. | G21: Veículo: QGC3J32 | Saída: 26/07/2026 | Chegada: 25/07/2026 | KM: 220.5 | H21: 1. Clicar em Nova Viagem 2. Selecionar o veículo e preencher origem e destino 3. Informar data de saída posterior à data de chegada 4. Clicar em Adicionar | I21: O cadastro é bloqueado com mensagem indicando a inconsistência entre as datas. A sinalização visual sozinha, sem bloqueio da submissão, não é suficiente para impedir o dado inválido. | J21: O sistema permite colocar data de chegada anterior a data de saída e alerta: ''Viagem atualizada com sucesso!'' | K21: Reprovado | L21: Gabriel Passos | M21: 46292
A22: CT-016 | B22: [Negativo] Duas viagens simultâneas para o mesmo veículo | C22: Média | D22: Viagens | E22: Verificar se o sistema impede que um mesmo veículo seja alocado em duas viagens com períodos sobrepostos. | F22: Existir uma viagem cadastrada para o veículo escolhido. Premissa: um veículo físico não pode realizar duas viagens ao mesmo tempo. | G22: Veículo: QVD9C31 | Viagem existente: 23/09/2026 a 24/09/2026 | Nova viagem: 23/09/2026 a 25/09/2026 | H22: 1. Identificar uma viagem já cadastrada e seu período 2. Clicar em Nova Viagem 3. Selecionar o mesmo veículo 4. Informar um período que se sobreponha ao da viagem existente 5. Clicar em Adicionar | I22: O sistema impede o cadastro e informa que o veículo já possui viagem registrada no período. | J22: O sistema permitiu cadastrar o mesmo veículo para viagens diferentes no mesmo dia. | K22: Reprovado | L22: Gabriel Passos | M22: 46292
A23: CT-017 | B23: [Regra] Cadastro de viagem com veículo em manutenção | C23: Média | D23: Viagens | E23: Verificar se veículos com manutenção em andamento são impedidos de ser alocados em novas viagens. | F23: Existir um veículo com manutenção de status Pendente ou Em Realização no período. Premissa: veículo em manutenção está indisponível para operação. | G23: Veículo: QFP6H68 (manutenção pendente de 07/08/2026 a 08/08/2026) | Viagem: 07/08/2026 a 08/08/2026 | H23: 1. Consultar na tela de Manutenção um veículo com manutenção não concluída 2. Clicar em Nova Viagem 3. Abrir o seletor de veículos e localizar o veículo em manutenção 4. Selecioná-lo e cadastrar uma viagem no mesmo período | I23: O veículo em manutenção não é oferecido no seletor, ou o sistema impede o cadastro informando a indisponibilidade. | J23: O sistema permitiu liberar o veículo para viagem, mesmo estando em manutenção | K23: Reprovado | L23: Gabriel Passos | M23: 46292
A24: MANUTENÇÃO
A25: ID | B25: Título do Cenário | C25: Prioridade | D25: Módulo | E25: Objetivo | F25: Pré-condições | G25: Dados Utilizados | H25: Passos para Execução | I25: Resultado Esperado | J25: Resultado Obtido | K25: Status | L25: Testador | M25: Data de Execução | N25: Evidência
A26: CT-018 | B26: Agendamento de manutenção com dados válidos | C26: Alta | D26: Manutenção | E26: Verificar se uma manutenção com dados consistentes é agendada e listada corretamente. | F26: Existir ao menos um veículo cadastrado. | G26: Veículo: VCJ2S35 | Serviço: Troca de óleo | Início: 01/10/2026 | Finalização: 02/10/2026 | Custo: 350,00 | H26: 1. Clicar em Nova Manutenção 2. Selecionar o veículo 3. Informar o tipo de serviço 4. Preencher as datas de início e finalização 5. Informar o custo estimado 6. Clicar em Agendar | I26: A manutenção é criada com status inicial Pendente e aparece na listagem com os dados informados e o custo formatado em reais. | J26: A manutenção foi criada com sucesso | K26: Aprovado | L26: Daniel Rocha | M26: 46293
A27: CT-019 | B27: [Validação] Agendamento com custo estimado negativo | C27: Média | D27: Manutenção | E27: Verificar se o campo Custo Estimado rejeita valores negativos. | F27: Usuário autenticado na tela de Manutenção. Premissa: custo de serviço não pode ser negativo. | G27: Veículo: QSA5G34 | Serviço: Teste custo | Custo: -350 | H27: 1. Clicar em Nova Manutenção 2. Preencher veículo, serviço e datas com dados válidos 3. Informar -350 no campo Custo Estimado 4. Clicar em Agendar | I27: O sistema rejeita o agendamento e exibe mensagem indicando que o custo deve ser igual ou maior que zero. | J27: O sistema rejeitou o agendamento com valores negativos | K27: Aprovado | L27: Daniel Rocha | M27: 46293
A28: CT-020 | B28: [Validação] Data de finalização anterior à data de início | C28: Alta | D28: Manutenção | E28: Verificar se o sistema impede o agendamento com período inválido. | F28: Usuário autenticado na tela de Manutenção. Premissa: a finalização não pode anteceder o início. | G28: Veículo: QJE7W52 | Início: 10/10/2026 | Finalização: 05/10/2026 | H28: 1. Clicar em Nova Manutenção 2. Selecionar veículo e informar o tipo de serviço 3. Informar data de início posterior à de finalização 4. Clicar em Agendar | I28: O agendamento é bloqueado com mensagem indicando a inconsistência entre as datas. | J28: O sistema bloqueou a criação com data de início posterior e dá um alerta: ''Data de finalização não pode ser anterior à data de início'' | K28: Bloqueado | L28: Daniel Rocha | M28: 46293
A29: CT-021 | B29: Transição de status da manutenção | C29: Alta | D29: Manutenção | E29: Verificar se o fluxo de status da manutenção avança corretamente e é persistido. | F29: Existir uma manutenção com status Pendente. | G29: Manutenção: QFP6H68 — Revisão preventiva (status Pendente) | H29: 1. Localizar uma manutenção com status Pendente 2. Acionar a ação Em Realização 3. Verificar o status na listagem 4. Recarregar a página 5. Avançar o status até Concluída | I29: O status avança de Pendente para Em Realização e depois para Concluída, é persistido após o recarregamento e o histórico permanece coerente. O sistema deve indicar se a transição é reversível. | J29: O sistema avança com os status com sucesso | K29: Aprovado | L29: Daniel Rocha | M29: 46293
A30: DASHBOARD
A31: ID | B31: Título do Cenário | C31: Prioridade | D31: Módulo | E31: Objetivo | F31: Pré-condições | G31: Dados Utilizados | H31: Passos para Execução | I31: Resultado Esperado | J31: Resultado Obtido | K31: Status | L31: Testador | M31: Data de Execução | N31: Evidência
A32: CT-022 | B32: Filtro de veículo aplicado a todos os componentes do Dashboard | C32: Alta | D32: Dashboard | E32: Verificar se a seleção de um veículo no filtro afeta todos os indicadores da tela, e não apenas um card. | F32: Existir mais de um veículo com viagens registradas. Premissa: o filtro define o escopo da tela inteira. | G32: Veículo selecionado: JVC-1234 | H32: 1. Acessar o Dashboard 2. Anotar os valores exibidos nos três componentes com o filtro padrão 3. Selecionar o veículo JVC-1234 no filtro 4. Comparar os valores do card Total de KM, do gráfico Volume por Categoria e do Cronograma de Manutenção | I32: Os três componentes passam a exibir apenas os dados do veículo selecionado. Caso algum componente seja intencionalmente global, isso deve estar explícito na interface. | J32: Apenas filtra o ''Total de KM Percorrido'', o restante dos filtros não filtram para o veículo selecionado. | K32: Reprovado | L32: Daniel Rocha | M32: 46293
A33: CT-023 | B33: Total de KM Percorrido confere com a soma das viagens do veículo | C33: Alta | D33: Dashboard | E33: Verificar a integridade do indicador de quilometragem em relação aos dados de origem. | F33: Existir um veículo com viagens cadastradas. | G33: Veículo: QVD9C31 | Viagens registradas: 286 km + 286 km | H33: 1. Acessar a tela de Viagens e somar manualmente a quilometragem das viagens do veículo 2. Acessar o Dashboard 3. Selecionar o mesmo veículo no filtro 4. Comparar o valor do card Total de KM Percorrido com a soma apurada | I33: O valor exibido no Dashboard é igual à soma das quilometragens das viagens do veículo e é sempre um número positivo. | J33: O valor bate com a soma da quilometragem do módulo de viagens | K33: Aprovado | L33: Daniel Rocha | M33: 46293
A34: CT-024 | B34: Contagem do gráfico Volume por Categoria confere com a listagem | C34: Média | D34: Dashboard | E34: Verificar se o total de viagens apresentado no gráfico corresponde aos registros existentes. | F34: Existirem viagens cadastradas para veículos de tipo Leve e Pesado. | G34: Gráfico: 93 viagens Leve + 3 viagens Pesado | Listagem de Viagens: total de registros | H34: 1. Acessar o Dashboard e somar as viagens das duas categorias do gráfico 2. Acessar a tela de Viagens e verificar o total de registros no rodapé 3. Comparar os dois valores considerando o filtro aplicado no Dashboard | I34: A soma das categorias do gráfico corresponde ao total de viagens do escopo filtrado, e a classificação Leve/Pesado corresponde ao tipo cadastrado de cada veículo. | J34: Mesmo criando mais cenários de viagens, o dashboard não atualiza, estando não funcional. | K34: Reprovado | L34: Daniel Rocha | M34: 46293

Sheet Resumo da Execução
A1: Resumo da Execução — LogiTrack Pro
A4: Execução por status
A5: Status | B5: Quantidade | C5: Percentual
A6: Aprovado | B6: =COUNTIF('Casos de Teste'!$K$3:$K$34,$A6) -> 12 | C6: =IFERROR($B6/$B$10,0) -> 0.5
A7: Reprovado | B7: =COUNTIF('Casos de Teste'!$K$3:$K$34,$A7) -> 11 | C7: =IFERROR($B7/$B$10,0) -> 0.45833333
A8: Bloqueado | B8: =COUNTIF('Casos de Teste'!$K$3:$K$34,$A8) -> 1 | C8: =IFERROR($B8/$B$10,0) -> 0.041666667
A9: Não Executado | B9: =COUNTIF('Casos de Teste'!$K$3:$K$34,$A9) -> 0 | C9: =IFERROR($B9/$B$10,0) -> 0
A10: Total de casos | B10: =COUNTIF('Casos de Teste'!$A$3:$A$34,"CT-*") -> 24 | C10: =IFERROR(SUM(C6:C9),0) -> 1
A12: Taxa de aprovação (sobre os casos já executados) | B12: =IFERROR(B6/(B6+B7+B8),0) -> 0.5
A15: Execução por módulo
A16: Módulo | B16: Total | C16: Aprovado | D16: Reprovado | E16: Bloqueado | F16: Não Executado
A17: Acesso | B17: =COUNTIF('Casos de Teste'!$D$3:$D$34,$A17) -> 3 | C17: =COUNTIFS('Casos de Teste'!$D$3:$D$34,$A17,'Casos de Teste'!$K$3:$K$34,C$16) -> 2 | D17: =COUNTIFS('Casos de Teste'!$D$3:$D$34,$A17,'Casos de Teste'!$K$3:$K$34,D$16) -> 1 | E17: =COUNTIFS('Casos de Teste'!$D$3:$D$34,$A17,'Casos de Teste'!$K$3:$K$34,E$16) -> 0 | F17: =COUNTIFS('Casos de Teste'!$D$3:$D$34,$A17,'Casos de Teste'!$K$3:$K$34,F$16) -> 0
A18: Veículos | B18: =COUNTIF('Casos de Teste'!$D$3:$D$34,$A18) -> 9 | C18: =COUNTIFS('Casos de Teste'!$D$3:$D$34,$A18,'Casos de Teste'!$K$3:$K$34,C$16) -> 5 | D18: =COUNTIFS('Casos de Teste'!$D$3:$D$34,$A18,'Casos de Teste'!$K$3:$K$34,D$16) -> 4 | E18: =COUNTIFS('Casos de Teste'!$D$3:$D$34,$A18,'Casos de Teste'!$K$3:$K$34,E$16) -> 0 | F18: =COUNTIFS('Casos de Teste'!$D$3:$D$34,$A18,'Casos de Teste'!$K$3:$K$34,F$16) -> 0
A19: Viagens | B19: =COUNTIF('Casos de Teste'!$D$3:$D$34,$A19) -> 5 | C19: =COUNTIFS('Casos de Teste'!$D$3:$D$34,$A19,'Casos de Teste'!$K$3:$K$34,C$16) -> 1 | D19: =COUNTIFS('Casos de Teste'!$D$3:$D$34,$A19,'Casos de Teste'!$K$3:$K$34,D$16) -> 4 | E19: =COUNTIFS('Casos de Teste'!$D$3:$D$34,$A19,'Casos de Teste'!$K$3:$K$34,E$16) -> 0 | F19: =COUNTIFS('Casos de Teste'!$D$3:$D$34,$A19,'Casos de Teste'!$K$3:$K$34,F$16) -> 0
A20: Manutenção | B20: =COUNTIF('Casos de Teste'!$D$3:$D$34,$A20) -> 4 | C20: =COUNTIFS('Casos de Teste'!$D$3:$D$34,$A20,'Casos de Teste'!$K$3:$K$34,C$16) -> 3 | D20: =COUNTIFS('Casos de Teste'!$D$3:$D$34,$A20,'Casos de Teste'!$K$3:$K$34,D$16) -> 0 | E20: =COUNTIFS('Casos de Teste'!$D$3:$D$34,$A20,'Casos de Teste'!$K$3:$K$34,E$16) -> 1 | F20: =COUNTIFS('Casos de Teste'!$D$3:$D$34,$A20,'Casos de Teste'!$K$3:$K$34,F$16) -> 0
A21: Dashboard | B21: =COUNTIF('Casos de Teste'!$D$3:$D$34,$A21) -> 3 | C21: =COUNTIFS('Casos de Teste'!$D$3:$D$34,$A21,'Casos de Teste'!$K$3:$K$34,C$16) -> 1 | D21: =COUNTIFS('Casos de Teste'!$D$3:$D$34,$A21,'Casos de Teste'!$K$3:$K$34,D$16) -> 2 | E21: =COUNTIFS('Casos de Teste'!$D$3:$D$34,$A21,'Casos de Teste'!$K$3:$K$34,E$16) -> 0 | F21: =COUNTIFS('Casos de Teste'!$D$3:$D$34,$A21,'Casos de Teste'!$K$3:$K$34,F$16) -> 0
A24: Execução por prioridade
A25: Prioridade | B25: Total | C25: Aprovado | D25: Reprovado
A26: Alta | B26: =COUNTIF('Casos de Teste'!$C$3:$C$34,$A26) -> 17 | C26: =COUNTIFS('Casos de Teste'!$C$3:$C$34,$A26,'Casos de Teste'!$K$3:$K$34,"Aprovado") -> 9 | D26: =COUNTIFS('Casos de Teste'!$C$3:$C$34,$A26,'Casos de Teste'!$K$3:$K$34,"Reprovado") -> 7
A27: Média | B27: =COUNTIF('Casos de Teste'!$C$3:$C$34,$A27) -> 7 | C27: =COUNTIFS('Casos de Teste'!$C$3:$C$34,$A27,'Casos de Teste'!$K$3:$K$34,"Aprovado") -> 3 | D27: =COUNTIFS('Casos de Teste'!$C$3:$C$34,$A27,'Casos de Teste'!$K$3:$K$34,"Reprovado") -> 4
A28: Baixa | B28: =COUNTIF('Casos de Teste'!$C$3:$C$34,$A28) -> 0 | C28: =COUNTIFS('Casos de Teste'!$C$3:$C$34,$A28,'Casos de Teste'!$K$3:$K$34,"Aprovado") -> 0 | D28: =COUNTIFS('Casos de Teste'!$C$3:$C$34,$A28,'Casos de Teste'!$K$3:$K$34,"Reprovado") -> 0
A30: Rastreabilidade — casos reprovados x bugs
A31: ID do caso | B31: Título | C31: Bug relacionado | D31: Severidade | E31: Evidência
